{
	"colours": {
		"BLACK": [0, 0, 0, 255],
		"GREY_DARKEST": [64, 64, 64, 255],
		"GREY_DARK": [96, 96, 96, 255],
		"GREY_MEDIUM": [128, 128, 128, 255],
		"GREY_LIGHT": [160, 160, 160, 255],
		"GREEN_DARK": [32, 144, 32, 255],
		"GREEN": [16, 192, 16, 255],
		"BLUE_DARK": [0, 0, 224, 255],
		"BLUE": [64, 128, 224, 255],
		"RED_DARK": [128, 32, 16, 255],
		"BROWN": [160, 64, 32, 255],
		"PINK": [224, 144, 96, 255],
		"RED": [208, 0, 0, 255],
		"YELLOW": [224, 192, 0, 255],
		"WHITE": [224, 224, 224, 255],
		"TRANSPARENT": [0, 0, 0, 0]
	}
}
