{
	"palettes": {
		"PLAYER": [
			["WHITE", "BLUE", "BLUE_DARK"],
			["WHITE", "RED", "RED_DARK"]
		],
		"CLASS": ["GREEN", "YELLOW", "RED", "BLUE_DARK", "PINK"],
		"SERPENT": ["GREY_LIGHT", "WHITE", "GREEN", "GREEN_DARK", "GREEN", "WHITE"],
		"MOON": ["GREY_LIGHT", "WHITE", "BLUE", "BLUE_DARK", "BLUE", "WHITE"],
		"DRAGON": ["GREY_LIGHT", "YELLOW", "PINK", "RED", "RED", "WHITE"],
		"CHAOS": ["GREY_LIGHT", "WHITE", "YELLOW", "PINK", "YELLOW", "WHITE"],
		"DEAD": ["BLACK", "GREY_MEDIUM", "GREY_DARK", "GREY_DARKEST"],
		"SELECTED": ["BLACK", "WHITE", "GREY_LIGHT", "GREY_MEDIUM"],
		"SERPENT_ARROW": ["YELLOW", "GREEN", "GREEN_DARK", "GREY_DARK", "YELLOW", "GREEN"],
		"MOON_ARROW": ["WHITE", "WHITE", "BLUE", "BLUE_DARK", "BLACK", "BLUE_DARK"],
		"DRAGON_ARROW": ["WHITE", "YELLOW", "PINK", "RED"],
		"CHAOS_ARROW": ["WHITE", "WHITE", "YELLOW", "PINK", "PINK", "YELLOW"],
		"BRONZE_ARROW": ["PINK", "BROWN", "BROWN", "RED_DARK"],
		"GREEN_ARROW": ["GREEN", "GREEN_DARK", "GREY_DARK", "GREY_DARKEST"],
		"GOLD_ARROW": ["WHITE", "YELLOW", "PINK", "BROWN", "BROWN", "YELLOW"],
		"SERPENT_BIG": ["GREEN_DARK", "GREEN", "YELLOW", "GREY_DARK", "GREEN", "WHITE"],
		"MOON_BIG": ["BLUE_DARK", "BLUE", "GREEN", "GREY_DARK", "BLUE", "WHITE"],
		"DRAGON_BIG": ["RED", "PINK", "YELLOW", "RED_DARK", "RED", "WHITE"],
		"CHAOS_BIG": ["PINK", "YELLOW", "WHITE", "BROWN", "YELLOW", "WHITE"],
		"DISRUPT_BIG": ["BLACK", "BLACK", "BLACK", "BLACK", "YELLOW", "BLACK"],
		"BLAZE_BIG": ["YELLOW", "PINK", "RED", "RED_DARK", "RED", "WHITE"],
		"PIT_FLASH": [null, null, null, null, "GREY_MEDIUM", null],
		"TELEPORT_FLASH": [null, null, null, null, "WHITE", "BLACK"],
		"DEFAULT_MON": ["BLACK", "GREY_LIGHT", "BLUE", "RED"],
		"DEFAULT_SHIELD": [[255, 0, 255, 255], "RED", "GREY_LIGHT", "BLUE"],
		"DEFAULT_ITEM": ["GREEN", "RED", "GREY_LIGHT", "BLUE"],
		"DEFAULT_ITEM_DUN": ["RED", "BLUE", "GREY_LIGHT", "BLACK"],
		"switch": {
			"default": ["RED", "BLUE", "GREY_LIGHT", null],
			"default-off": ["GREY_LIGHT", "RED", null, "BLUE"],
			"colours": [
				["GREEN", "GREEN_DARK", "WHITE", "BLACK"],
				["YELLOW", "PINK", "WHITE", "BLACK"],
				["RED", "RED_DARK", "WHITE", "BLACK"],
				["BLUE", "BLUE_DARK", "YELLOW", "BLACK"],
				["GREY_MEDIUM", "GREY_DARK", "WHITE", "BLACK"],
				["BROWN", "RED_DARK", "WHITE", "BLACK"],
				["BLACK", "BLACK", "BLACK", "BLACK"]
			]
		},
		"gem": {
			"default": ["RED", "BLUE", null, null],
			"default-off": [null, "BLUE", null, "RED"],
			"colours": [
				["GREEN", "GREEN_DARK", "WHITE", "BLACK"],
				["YELLOW", "PINK", "WHITE", "BLACK"],
				["RED", "RED_DARK", "WHITE", "BLACK"],
				["BLUE", "BLUE_DARK", "YELLOW", "BLACK"],
				["GREY_MEDIUM", "GREY_DARK", "WHITE", "BLACK"],
				["GREEN", "BLUE", "WHITE", "BLACK"],
				["BROWN", "RED_DARK", "WHITE", "BLACK"],
				["PINK", "BROWN", "WHITE", "BLACK"]
			]
		},
		"deco": {
			"default": ["RED", "BLUE", "GREY_LIGHT"],
			"colours": [
				["PINK", "BROWN", "RED_DARK"],
				["YELLOW", "GREEN", "GREEN_DARK"],
				["PINK", "RED", "RED_DARK"],
				["GREY_LIGHT", "BLUE", "BLUE_DARK"],
				["WHITE", "YELLOW", "PINK"],
				["GREY_LIGHT", "GREY_MEDIUM", "GREY_DARK"],
				["YELLOW", "PINK", "BROWN"],
				["YELLOW", "PINK", "RED_DARK"]
			]
		},
		"door": {
			"default": "BLUE",
			"colours": [
				"GREY_DARKEST",
				"RED_DARK",
				"GREY_LIGHT",
				"GREEN",
				"YELLOW",
				"RED",
				"BLUE",
				"WHITE",
				"BLACK"
			]
		},
		"floor": {
			"default": ["RED", "BLUE", "GREY_LIGHT", "BLACK"],
			"colours": [
				["GREEN_DARK", "GREEN", "GREY_LIGHT", "GREY_DARKEST"],
				["RED", "YELLOW", "PINK", "RED_DARK"],
				["BROWN", "YELLOW", "PINK", "RED_DARK"]
			]
		}
	}
}

