{
	"spells": [
		{
			"id": "SPELL_ARMOUR",
			"name": "ARMOUR",
			"description": "WEAR THIS SPELL WITH PRIDE",
			"class": "CLASS_SERPENT",
			"grade": 0,
			"level": 1,
			"power": 1,
			"book": {
				"symbols": "MARY",
				"page": 0,
				"row": 0
			},
			"action": {
				"type": "self",
				"enchant": "ICON_SPELL_ARMOUR",
				"timer": 5.0,
				"defenseFactor": 0.1
			}
		},
		{
			"id": "SPELL_PARALYZE",
			"name": "PARALYZE",
			"description": "A FROZEN LIFE MAY WELL BE A SHORT ONE",
			"class": "CLASS_SERPENT",
			"grade": 1,
			"level": 2,
			"power": 4,
			"book": {
				"symbols": "ZEDN",
				"page": 1,
				"row": 2
			},
			"action": {
				"type": "projectile",
				"projectile": {
					"id": "PROJECTILE_ARROW",
					"sound": "SOUND_FLASH",
					"recolour": {
						"from": "DEFAULT_ITEM_DUN",
						"to": "SERPENT_ARROW"
					}
				},
				"onComplete": {
					"areaOfEffect": "single",
					"speedFactor": 0.0
				}
			}
		},
		{
			"id": "SPELL_COMPASS",
			"name": "COMPASS",
			"description": "NEVER GET LOST AGAIN",
			"class": "CLASS_SERPENT",
			"grade": 2,
			"level": 2,
			"power": 2,
			"book": {
				"symbols": "ISCR",
				"page": 2,
				"row": 6
			},
			"action": {
				"type": "self",
				"enchant": "ICON_SPELL_COMPASS_0",
				"timer": 5.0,
				"directional": true
			}
		},
		{
			"id": "SPELL_LEVITATE",
			"name": "LEVITATE",
			"description": "A GENUINELY LIGHT SPELL",
			"class": "CLASS_SERPENT",
			"grade": 3,
			"level": 2,
			"power": 2,
			"book": {
				"symbols": "ITWE",
				"page": 1,
				"row": 5
			},
			"action": {
				"type": "self",
				"enchant": "ICON_SPELL_LEVITATE",
				"timer": 5.0,
				"levitateFactor": 1.0
			}
		},
		{
			"id": "SPELL_WARPOWER",
			"name": "WARPOWER",
			"description": "YOU TOO CAN HAVE THE STRENGTH OF TEN",
			"class": "CLASS_SERPENT",
			"grade": 4,
			"level": 3,
			"power": 1,
			"book": {
				"symbols": "UDDU",
				"page": 0,
				"row": 7
			},
			"action": {
				"type": "self",
				"enchant": "ICON_SPELL_WARPOWER",
				"timer": 5.0,
				"attackFactor": 0.1
			}
		},
		{
			"id": "SPELL_RENEW",
			"name": "RENEW",
			"description": "CURES EVERYTHING EXCEPT CRAMP",
			"class": "CLASS_SERPENT",
			"grade": 5,
			"level": 3,
			"power": 1,
			"book": {
				"symbols": "MIST",
				"page": 2,
				"row": 1
			},
			"action": {
				"type": "group",
				"hpFactor": 1.0
			}
		},
		{
			"id": "SPELL_ARC_BOLT",
			"name": "ARC BOLT",
			"description": "AN ELECTRIFYING EXPERIENCE",
			"class": "CLASS_SERPENT",
			"grade": 6,
			"level": 4,
			"power": 2,
			"book": {
				"symbols": "NISH",
				"page": 3,
				"row": 3
			},
			"action": {
				"type": "projectile",
				"projectile": {
					"id": "PROJECTILE_BIG",
					"death": "PROJECTILE_EXPLODE",
					"sound": "SOUND_EXPLODE",
					"recolour": {
						"from": "DEFAULT_ITEM_DUN",
						"to": "SERPENT_BIG"
					}
				},
				"onMove": {
					"bounce": "WALL"
				},
				"onComplete": {
					"areaOfEffect": "multi",
					"damage": "normal"
				}
			}
		},
		{
			"id": "SPELL_FORMWALL",
			"name": "FORMWALL",
			"description": "FOR THOSE WHO LOVE WALLS",
			"class": "CLASS_SERPENT",
			"grade": 7,
			"level": 5,
			"power": 1,
			"book": {
				"symbols": "ACOU",
				"page": 3,
				"row": 4
			},
			"action": {
				"type": "front",
				"setObject": "WALL",
				"timer": 1.0
			}
		},



		{
			"id": "SPELL_DEFLECT",
			"name": "DEFLECT",
			"description": "A SPELL A DAY KEEPS AN ARROW AWAY",
			"class": "CLASS_CHAOS",
			"grade": 0,
			"level": 1,
			"power": 1,
			"book": {
				"symbols": "ANEE",
				"page": 0,
				"row": 4
			},
			"action": {
				"type": "self",
				"enchant": "ICON_SPELL_DEFLECT",
				"timer": 5.0,
				"deflectProjectile": {
					"areaOfEffect": "single"
				}
			}
		},
		{
			"id": "SPELL_TERROR",
			"name": "TERROR",
			"description": "BOO!",
			"class": "CLASS_CHAOS",
			"grade": 1,
			"level": 2,
			"power": 1,
			"book": {
				"symbols": "HADA",
				"page": 0,
				"row": 1
			},
			"action": {
				"type": "projectile",
				"projectile": {
					"id": "PROJECTILE_ARROW",
					"sound": "SOUND_FLASH",
					"recolour": {
						"from": "DEFAULT_ITEM_DUN",
						"to": "CHAOS_ARROW"
					}
				},
				"onComplete": {
					"areaOfEffect": "single",
					"terrorFactor": 1.0,
					"speedFactor": 5.0
				}
			}
		},
		{
			"id": "SPELL_ANTIMAGE",
			"name": "ANTIMAGE",
			"description": "NEVERMORE WORRY ABOUT SPELLCASTERS",
			"class": "CLASS_CHAOS",
			"grade": 2,
			"level": 4,
			"power": 1,
			"book": {
				"symbols": "RAWU",
				"page": 1,
				"row": 6
			},
			"action": {
				"type": "self",
				"enchant": "ICON_SPELL_ANTIMAGE",
				"timer": 5.0,
				"absorbProjectile": {
					"areaOfEffect": "multi",
					"absorbFactor": 1.0
				}
			}
		},
		{
			"id": "SPELL_SPELLTAP",
			"name": "SPELLTAP",
			"description": "THE BANE OF ALL MAGIC USERS",
			"class": "CLASS_CHAOS",
			"grade": 3,
			"level": 5,
			"power": 1,
			"book": {
				"symbols": "APWH",
				"page": 2,
				"row": 7
			},
			"action": {
				"type": "projectile",
				"projectile": {
					"id": "PROJECTILE_ARROW",
					"sound": "SOUND_FLASH",
					"recolour": {
						"from": "DEFAULT_ITEM_DUN",
						"to": "GOLD_ARROW"
					}
				},
				"onComplete": {
					"areaOfEffect": "single",
					"steal": true,
					"spFactor": -1.0
				}
			}
		},
		{
			"id": "SPELL_ALCHEMY",
			"name": "ALCHEMY",
			"description": "THE HAND OF MIDAS",
			"class": "CLASS_CHAOS",
			"grade": 4,
			"level": 5,
			"power": 1,
			"book": {
				"symbols": "OWTE",
				"page": 1,
				"row": 3
			},
			"action": {
				"type": "self",
				"changeItem": {
					"pocket": ["POCKET_LEFT_HAND", "POCKET_RIGHT_HAND"],
					"fromType": ["ITEM_TYPE_WEAPON", "ITEM_TYPE_ARMOUR", "ITEM_TYPE_SHIELD", "ITEM_TYPE_GLOVES"],
					"toId": ["ITEM_COINAGE"],
					"toQuantityFactor": 0.1
				}
			}
		},
		{
			"id": "SPELL_SUMMON",
			"name": "SUMMON",
			"description": "YOU'LL NEVER WALK ALONE",
			"class": "CLASS_CHAOS",
			"grade": 5,
			"level": 6,
			"power": 1,
			"book": {
				"symbols": "PLEO",
				"page": 3,
				"row": 5
			},
			"action": {
				"type": "front",
				"setMonster": {
					"type": "MON_TYPE_DRONE",
					"form": "MON_FORM_SUMMON",
					"level": -10,
					"levelFactor": 0.2
				}
			}
		},
		{
			"id": "SPELL_VIVIFY",
			"name": "VIVIFY",
			"description": "MAKES DEATH BUT A MINOR INCONVENIENCE",
			"class": "CLASS_CHAOS",
			"grade": 6,
			"level": 7,
			"power": 0,
			"book": {
				"symbols": "ILLH",
				"page": 2,
				"row": 2
			},
			"action": {
				"type": "projectile",
				"projectile": {
					"id": "PROJECTILE_ARROW",
					"sound": "SOUND_FLASH",
					"recolour": {
						"from": "DEFAULT_ITEM_DUN",
						"to": "CHAOS"
					}
				},
				"onComplete": {
					"revive": true,
					"areaOfEffect": "multi",
					"castSpellPart": [
						{
							"id": "VIVIFY"
						}
					]
				}
			}
		},
		{
			"id": "SPELL_DISRUPT",
			"name": "DISRUPT",
			"description": "KNOWN TO SOME AS DEATHSTRIKE",
			"class": "CLASS_CHAOS",
			"grade": 7,
			"level": 8,
			"power": 4,
			"book": {
				"symbols": "ITHO",
				"page": 3,
				"row": 0
			},
			"action": {
				"type": "projectile",
				"projectile": {
					"id": "PROJECTILE_BIG",
					"death": "PROJECTILE_EXPLODE",
					"sound": "SOUND_EXPLODE",
					"recolour": {
						"from": "DEFAULT_ITEM_DUN",
						"to": "DISRUPT_BIG"
					}
				},
				"onComplete": {
					"areaOfEffect": "multi",
					"damage": "fatal"
				}
			}
		},



		{
			"id": "SPELL_MISSILE",
			"name": "MISSILE",
			"description": "KNOWN TO SOME AS DEATHSTRIKE",
			"class": "CLASS_DRAGON",
			"grade": 0,
			"level": 1,
			"power": 2,
			"book": {
				"symbols": "TNER",
				"page": 1,
				"row": 0
			},
			"action": {
				"type": "projectile",
				"projectile": {
					"id": "PROJECTILE_ARROW",
					"sound": "SOUND_ATTACK",
					"recolour": {
						"from": "DEFAULT_ITEM_DUN",
						"to": "DRAGON_ARROW"
					}
				},
				"onComplete": {
					"areaOfEffect": "single",
					"damage": "normal"
				}
			}
		},
		{
			"id": "SPELL_MAGELOCK",
			"name": "MAGELOCK",
			"description": "WHY BOTHER WITH ALL THOSE SILLY KEYS?",
			"class": "CLASS_DRAGON",
			"grade": 1,
			"level": 2,
			"power": 0,
			"book": {
				"symbols": "ITWE",
				"page": 0,
				"row": 5
			},
			"action": {
				"type": "front",
				"unlock": "DOOR_COMMON"
			}
		},
		{
			"id": "SPELL_VITALISE",
			"name": "VITALISE",
			"description": "YOU'LL NEVER FEEL SO GOOD",
			"class": "CLASS_DRAGON",
			"grade": 2,
			"level": 2,
			"power": 1,
			"book": {
				"symbols": "LITT",
				"page": 0,
				"row": 2
			},
			"action": {
				"type": "group",
				"vitFactor": 1.0
			}
		},
		{
			"id": "SPELL_DISPELL",
			"name": "DISPELL",
			"description": "WHAT MAGIC MAKES, MAGIC CAN DESTROY",
			"class": "CLASS_DRAGON",
			"grade": 3,
			"level": 3,
			"power": 1,
			"book": {
				"symbols": "LITT",
				"page": 2,
				"row": 3
			},
			"action": {
				"type": "front",
				"setObject": "NONE"
			}
		},
		{
			"id": "SPELL_FIREBALL",
			"name": "FIREBALL",
			"description": "A BLAST AT PARTIES",
			"class": "CLASS_DRAGON",
			"grade": 4,
			"level": 3,
			"power": 2,
			"book": {
				"symbols": "AVIN",
				"page": 3,
				"row": 1
			},
			"action": {
				"type": "projectile",
				"projectile": {
					"id": "PROJECTILE_BIG",
					"death": "PROJECTILE_EXPLODE",
					"sound": "SOUND_EXPLODE",
					"recolour": {
						"from": "DEFAULT_ITEM_DUN",
						"to": "DRAGON_BIG"
					}
				},
				"onComplete": {
					"areaOfEffect": "multi",
					"damage": "normal"
				}
			}
		},
		{
			"id": "SPELL_FIREPATH",
			"name": "FIREPATH",
			"description": "LAY DOWN THE RED CARPET",
			"class": "CLASS_DRAGON",
			"grade": 5,
			"level": 4,
			"power": 2,
			"book": {
				"symbols": "AVIN",
				"page": 2,
				"row": 4
			},
			"action": {
				"type": "projectile",
				"projectile": {
					"id": "PROJECTILE_ARROW",
					"sound": "SOUND_ATTACK",
					"recolour": {
						"from": "DEFAULT_ITEM_DUN",
						"to": "DRAGON_ARROW"
					}
				},
				"onMove": {
					"setObject": "FIRE",
					"timer": 1.0
				},
				"onComplete": {
					"areaOfEffect": "single",
					"damage": "normal"
				}
			}
		},
		{
			"id": "SPELL_RECHARGE",
			"name": "RECHARGE",
			"description": "BOOSTS THE FLATTEST OF RINGS!",
			"class": "CLASS_DRAGON",
			"grade": 6,
			"level": 5,
			"power": 1,
			"book": {
				"symbols": "DDUN",
				"page": 1,
				"row": 7
			},
			"action": {
				"type": "self",
				"changeItem": {
					"pocket": ["POCKET_LEFT_HAND", "POCKET_RIGHT_HAND"],
					"fromType": ["ITEM_TYPE_RING"],
					"toQuantityFactor": 0.05
				}
			}
		},
		{
			"id": "SPELL_BLAZE",
			"name": "BLAZE",
			"description": "NONE SHALL PASS THIS FIERY BLAST",
			"class": "CLASS_DRAGON",
			"grade": 7,
			"level": 6,
			"power": 2,
			"book": {
				"symbols": "FLIN",
				"page": 3,
				"row": 6
			},
			"action": {
				"type": "projectile",
				"projectile": {
					"id": "PROJECTILE_BIG",
					"death": "PROJECTILE_EXPLODE",
					"sound": "SOUND_EXPLODE",
					"recolour": {
						"from": "DEFAULT_ITEM_DUN",
						"to": "BLAZE_BIG"
					}
				},
				"onMove": {
					"setObject": "FIRE",
					"timer": 1.0
				},
				"onComplete": {
					"areaOfEffect": "multi",
					"damage": "normal"
				},
				"onFail": {
					"castSpellPart": [
						{
							"id": "BLAZE",
							"position": {
								"d": 2
							}
						}
					]
				}
			}
		}
	],



	"spellParts": {
		"VIVIFY": {
			"action": {
				"type": "group",
				"revive": true
			}
		},
		"BLAZE": {
			"action": {
				"type": "projectile",
				"projectile": {
					"id": "PROJECTILE_BIG",
					"death": "PROJECTILE_EXPLODE",
					"sound": "SOUND_EXPLODE",
					"recolour": {
						"from": "DEFAULT_ITEM_DUN",
						"to": "DRAGON_BIG"
					}
				},
				"onMove": {
					"bounce": "FIRE"
				},
				"onComplete": {
					"areaOfEffect": "multi",
					"damage": "normal"
				}
			}
		}
	}
}